<?xml version="1.0" encoding="UTF-8"?>
<con:soapui-project id="cf3970fb-2a86-40ba-9fb3-0cf0012d99d0" activeEnvironment="Default" name="REST Project 1" soapui-version="5.6.0" abortOnError="false" runType="SEQUENTIAL" resourceRoot="" xmlns:con="http://eviware.com/soapui/config"><con:settings/><con:interface xsi:type="con:RestService" id="e817021a-6e90-4bdd-a808-3e75ce36da6a" wadlVersion="http://wadl.dev.java.net/2009/02" name="http://rest-api.upskills.in" type="rest" xmlns:xsi="http://www.w3.org/2001/XMLSchema-instance"><con:settings/><con:definitionCache type="TEXT" rootPart=""/><con:endpoints><con:endpoint>http://rest-api.upskills.in</con:endpoint></con:endpoints><con:resource name="Client_credentials" path="/api/rest_admin/oauth2/token/client_credentials" id="f4dda06f-3347-457f-a838-0ab658234e0c"><con:settings/><con:parameters/><con:method name="Client_credentials 1" id="d191775e-da98-4f7c-8745-bd1b16293c81" method="POST"><con:settings/><con:parameters/><con:representation type="RESPONSE"><con:mediaType>application/json; charset=utf-8</con:mediaType><con:status>200</con:status><con:params/><con:element xmlns:cli="http://rest-api.upskills.in/api/rest_admin/oauth2/token/client_credentials">cli:Response</con:element></con:representation><con:representation type="REQUEST"><con:mediaType>application/json</con:mediaType><con:params/></con:representation><con:representation type="FAULT"><con:mediaType>application/json; charset=utf-8</con:mediaType><con:status>400</con:status><con:params/><con:element xmlns:cli="http://rest-api.upskills.in/api/rest_admin/oauth2/token/client_credentials">cli:Fault</con:element></con:representation><con:request name="Request 1" id="8d1c62ce-b738-47be-865a-3af3f8217277" mediaType="application/json" postQueryString="false"><con:settings><con:setting id="com.eviware.soapui.impl.wsdl.WsdlRequest@request-headers">&lt;entry key="Authorization" value="Basic dXBza2lsbHNfcmVzdF9hZG1pbl9vYXV0aF9jbGllbnQ6dXBza2lsbHNfcmVzdF9hZG1pbl9vYXV0aF9zZWNyZXQ=" xmlns="http://eviware.com/soapui/config"/></con:setting></con:settings><con:endpoint>http://rest-api.upskills.in</con:endpoint><con:request/><con:originalUri>http://rest-api.upskills.in/api/rest_admin/oauth2/token/client_credentials</con:originalUri><con:credentials><con:authType>No Authorization</con:authType></con:credentials><con:jmsConfig JMSDeliveryMode="PERSISTENT"/><con:jmsPropertyConfig/><con:parameters/><con:parameterOrder/></con:request></con:method></con:resource></con:interface><con:interface xsi:type="con:RestService" id="82327d78-b710-498b-bf92-ad25450789da" wadlVersion="http://wadl.dev.java.net/2009/02" name="http://rest-api.upskills.in" type="rest" xmlns:xsi="http://www.w3.org/2001/XMLSchema-instance"><con:settings/><con:definitionCache type="TEXT" rootPart=""/><con:endpoints><con:endpoint>http://rest-api.upskills.in</con:endpoint></con:endpoints><con:resource name="Login" path="/api/rest_admin/login" id="38dc92ae-8f55-4a59-98ae-777314319f04"><con:settings/><con:parameters/><con:method name="Login 1" id="0ff5b742-bcb2-47aa-861f-eac06537efc0" method="POST"><con:settings/><con:parameters/><con:representation type="REQUEST"><con:mediaType>application/json</con:mediaType><con:params/></con:representation><con:representation type="FAULT"><con:mediaType>application/json; charset=utf-8</con:mediaType><con:status>400 401</con:status><con:params/><con:element xmlns:log="http://rest-api.upskills.in/api/rest_admin/login">log:Fault</con:element></con:representation><con:representation type="RESPONSE"><con:mediaType>application/json; charset=utf-8</con:mediaType><con:status>200</con:status><con:params/><con:element xmlns:log="http://rest-api.upskills.in/api/rest_admin/login">log:Response</con:element></con:representation><con:request name="Request 1" id="b9fb35da-05fb-4138-94e3-534be3efc83a" mediaType="application/json" postQueryString="false"><con:settings><con:setting id="com.eviware.soapui.impl.wsdl.WsdlRequest@request-headers">&lt;entry key="Authorization" value="Bearer c553911ac0a287f9a8d1b15510345547ad946562" xmlns="http://eviware.com/soapui/config"/></con:setting></con:settings><con:endpoint>http://rest-api.upskills.in</con:endpoint><con:request>{
  "username": "upskills_admin",
  "password": "Talent4$$"
}</con:request><con:originalUri>http://rest-api.upskills.in/api/rest_admin/login</con:originalUri><con:credentials><con:authType>No Authorization</con:authType></con:credentials><con:jmsConfig JMSDeliveryMode="PERSISTENT"/><con:jmsPropertyConfig/><con:parameters/></con:request></con:method></con:resource></con:interface><con:interface xsi:type="con:RestService" id="2961ca3f-b7a1-445a-9f97-f8529964a313" wadlVersion="http://wadl.dev.java.net/2009/02" name="http://rest-api.upskills.in" type="rest" xmlns:xsi="http://www.w3.org/2001/XMLSchema-instance"><con:settings/><con:definitionCache/><con:endpoints><con:endpoint>http://rest-api.upskills.in</con:endpoint></con:endpoints><con:resource name="Page" path="/api/rest_admin/customers/limit/{limit}/page/{page}" id="f4be117a-4af6-4091-a346-dd258470d07e"><con:settings/><con:parameters><con:parameter><con:name>limit</con:name><con:value>limit</con:value><con:style>TEMPLATE</con:style><con:default>limit</con:default><con:path xsi:nil="true"/><con:description xsi:nil="true"/></con:parameter><con:parameter><con:name>page</con:name><con:value>page</con:value><con:style>TEMPLATE</con:style><con:default>page</con:default><con:path xsi:nil="true"/><con:description xsi:nil="true"/></con:parameter></con:parameters><con:method name="Page 1" id="2558dcd3-6b3e-41c8-8156-23d4f3796080" method="GET"><con:settings/><con:parameters/><con:representation type="RESPONSE"><con:mediaType>application/json; charset=utf-8</con:mediaType><con:status>200</con:status><con:params/><con:element xmlns:page="http://rest-api.upskills.in/api/rest_admin/customers/limit/limit/page/page">page:Response</con:element></con:representation><con:request name="Request 1" id="e40b3baa-7017-4906-9809-1598755a705e" mediaType="application/json"><con:settings><con:setting id="com.eviware.soapui.impl.wsdl.WsdlRequest@request-headers">&lt;entry key="Authorization" value="Bearer b3cd5a39694aa6827a8a091a9834a678af08c09a" xmlns="http://eviware.com/soapui/config"/></con:setting></con:settings><con:endpoint>http://rest-api.upskills.in</con:endpoint><con:request/><con:originalUri>http://rest-api.upskills.in/api/rest_admin/customers/limit/limit/page/page</con:originalUri><con:credentials><con:authType>No Authorization</con:authType></con:credentials><con:jmsConfig JMSDeliveryMode="PERSISTENT"/><con:jmsPropertyConfig/><con:parameters>
  <con:entry key="limit" value="limit"/>
  <con:entry key="page" value="page"/>
</con:parameters><con:parameterOrder><con:entry>limit</con:entry><con:entry>page</con:entry></con:parameterOrder></con:request></con:method></con:resource></con:interface><con:interface xsi:type="con:RestService" id="1926773a-64b5-4026-971c-6691de621ddb" wadlVersion="http://wadl.dev.java.net/2009/02" name="http://rest-api.upskills.in" type="rest" xmlns:xsi="http://www.w3.org/2001/XMLSchema-instance"><con:settings/><con:definitionCache type="TEXT" rootPart=""/><con:endpoints><con:endpoint>http://rest-api.upskills.in</con:endpoint></con:endpoints><con:resource name="Register" path="/api/rest/register" id="c5347abd-f04f-46bc-acb6-db0d98b2cd3e"><con:settings/><con:parameters/><con:method name="Register 1" id="68cca646-6e13-482c-a869-7ebc17938589" method="POST"><con:settings/><con:parameters/><con:representation type="FAULT"><con:mediaType>application/json; charset=utf-8</con:mediaType><con:status>401 400</con:status><con:params/><con:element xmlns:reg="http://rest-api.upskills.in/api/rest/register">reg:Fault</con:element></con:representation><con:representation type="REQUEST"><con:mediaType>application/json</con:mediaType><con:params/></con:representation><con:representation type="RESPONSE"><con:mediaType>application/json; charset=utf-8</con:mediaType><con:status>200</con:status><con:params/><con:element xmlns:reg="http://rest-api.upskills.in/api/rest/register">reg:Response</con:element></con:representation><con:request name="Request 1" id="72438a52-0ff3-454c-85e8-2d143e0181cf" mediaType="application/json" postQueryString="false"><con:settings><con:setting id="com.eviware.soapui.impl.wsdl.WsdlRequest@request-headers">&lt;xml-fragment/></con:setting></con:settings><con:endpoint>http://rest-api.upskills.in</con:endpoint><con:request/><con:credentials><con:authType>No Authorization</con:authType></con:credentials><con:jmsConfig JMSDeliveryMode="PERSISTENT"/><con:jmsPropertyConfig/><con:parameters/></con:request></con:method></con:resource></con:interface><con:interface xsi:type="con:RestService" id="fe34d0f9-6cda-40d4-926e-957f77688663" wadlVersion="http://wadl.dev.java.net/2009/02" name="http://rest-api.upskills.in" type="rest" xmlns:xsi="http://www.w3.org/2001/XMLSchema-instance"><con:settings/><con:definitionCache type="TEXT" rootPart=""/><con:endpoints><con:endpoint>http://rest-api.upskills.in</con:endpoint></con:endpoints><con:resource name="Account" path="/api/rest/account" id="89304e10-3e0b-47d9-b1a1-bc97c89336fe"><con:settings/><con:parameters/><con:method name="Account 1" id="6ff7beaf-7e57-46a1-9aba-4a24148d739b" method="GET"><con:settings/><con:parameters/><con:representation type="RESPONSE"><con:mediaType>application/json; charset=utf-8</con:mediaType><con:status>200</con:status><con:params/><con:element xmlns:acc="http://rest-api.upskills.in/api/rest/account">acc:Response</con:element></con:representation><con:representation type="FAULT"><con:mediaType>application/json; charset=utf-8</con:mediaType><con:status>403</con:status><con:params/><con:element xmlns:acc="http://rest-api.upskills.in/api/rest/account">acc:Fault</con:element></con:representation><con:request name="Request 1" id="c9673aa4-b1ee-43a1-9ed4-fb70b1f2cc7e" mediaType="application/json"><con:settings/><con:endpoint>http://rest-api.upskills.in</con:endpoint><con:request/><con:credentials><con:authType>No Authorization</con:authType></con:credentials><con:jmsConfig JMSDeliveryMode="PERSISTENT"/><con:jmsPropertyConfig/><con:parameters/></con:request></con:method></con:resource></con:interface><con:interface xsi:type="con:RestService" id="00348e27-9d0c-4f3e-a94a-7a7f8e233640" wadlVersion="http://wadl.dev.java.net/2009/02" name="http://rest-api.upskills.in" type="rest" xmlns:xsi="http://www.w3.org/2001/XMLSchema-instance"><con:settings/><con:definitionCache type="TEXT" rootPart=""/><con:endpoints><con:endpoint>http://rest-api.upskills.in</con:endpoint></con:endpoints><con:resource name="Logout" path="/api/rest/logout" id="70ead2e6-541e-4de7-9013-261b54fb9d98"><con:settings/><con:parameters/><con:method name="Logout 1" id="fdf1ee6a-25f1-4a9a-8bb0-9e93374222ca" method="POST"><con:settings/><con:parameters/><con:representation type="FAULT"><con:mediaType>application/json; charset=utf-8</con:mediaType><con:status>401</con:status><con:params/><con:element xmlns:log="http://rest-api.upskills.in/api/rest/logout">log:Fault</con:element></con:representation><con:representation type="REQUEST"><con:mediaType>application/json</con:mediaType><con:params/></con:representation><con:representation type="RESPONSE"><con:mediaType>application/json; charset=utf-8</con:mediaType><con:status>200</con:status><con:params/><con:element xmlns:log="http://rest-api.upskills.in/api/rest/logout">log:Response</con:element></con:representation><con:request name="Request 1" id="fa5c64ca-e38c-435b-bf12-3b803fa29dce" mediaType="application/json" postQueryString="false"><con:settings><con:setting id="com.eviware.soapui.impl.wsdl.WsdlRequest@request-headers">&lt;xml-fragment/></con:setting></con:settings><con:endpoint>http://rest-api.upskills.in</con:endpoint><con:request/><con:credentials><con:authType>No Authorization</con:authType></con:credentials><con:jmsConfig JMSDeliveryMode="PERSISTENT"/><con:jmsPropertyConfig/><con:parameters/></con:request></con:method></con:resource></con:interface><con:interface xsi:type="con:RestService" id="fcce23ee-107f-44be-a22d-09ef099da929" wadlVersion="http://wadl.dev.java.net/2009/02" name="http://rest-api.upskills.in" type="rest" xmlns:xsi="http://www.w3.org/2001/XMLSchema-instance"><con:settings/><con:definitionCache type="TEXT" rootPart=""/><con:endpoints><con:endpoint>http://rest-api.upskills.in</con:endpoint></con:endpoints><con:resource name="Categories" path="/api/rest_admin/categories" id="a04050b4-cfcc-407e-b871-d54609d823fa"><con:settings/><con:parameters/><con:method name="Categories 1" id="35ad388e-4c17-493a-8dad-18ab11eb0ad8" method="GET"><con:settings/><con:parameters/><con:representation type="RESPONSE"><con:mediaType>application/json; charset=utf-8</con:mediaType><con:status>200</con:status><con:params/><con:element xmlns:cat="http://rest-api.upskills.in/api/rest_admin/categories">cat:Response</con:element></con:representation><con:representation type="FAULT"><con:mediaType>application/json; charset=utf-8</con:mediaType><con:status>403</con:status><con:params/><con:element xmlns:cat="http://rest-api.upskills.in/api/rest_admin/categories">cat:Fault</con:element></con:representation><con:request name="Request 1" id="2ed55e64-8f26-4ac2-b720-45745f5ec5d0" mediaType="application/json"><con:settings/><con:endpoint>http://rest-api.upskills.in</con:endpoint><con:request/><con:credentials><con:authType>No Authorization</con:authType></con:credentials><con:jmsConfig JMSDeliveryMode="PERSISTENT"/><con:jmsPropertyConfig/><con:parameters/></con:request></con:method></con:resource></con:interface><con:interface xsi:type="con:RestService" id="285bc025-d35e-451e-8808-877650fe20f1" wadlVersion="http://wadl.dev.java.net/2009/02" name="http://rest-api.upskills.in" type="rest" xmlns:xsi="http://www.w3.org/2001/XMLSchema-instance"><con:settings/><con:definitionCache type="TEXT" rootPart=""/><con:endpoints><con:endpoint>http://rest-api.upskills.in</con:endpoint></con:endpoints><con:resource name="Level" path="/api/rest_admin/categories/parent/{parent}/level/{level}" id="55cfe204-6dda-403c-ab27-2ba9a5a67f8c"><con:settings/><con:parameters><con:parameter><con:name>parent</con:name><con:value>parent</con:value><con:style>TEMPLATE</con:style><con:default>parent</con:default><con:path xsi:nil="true"/><con:description xsi:nil="true"/></con:parameter><con:parameter><con:name>level</con:name><con:value>level</con:value><con:style>TEMPLATE</con:style><con:default>level</con:default><con:path xsi:nil="true"/><con:description xsi:nil="true"/></con:parameter></con:parameters><con:method name="Level 1" id="521c7db9-80ab-4467-b723-bf181ef9da6e" method="GET"><con:settings/><con:parameters/><con:representation type="RESPONSE"><con:mediaType>application/json; charset=utf-8</con:mediaType><con:status>200</con:status><con:params/><con:element xmlns:lev="http://rest-api.upskills.in/api/rest_admin/categories/parent/parent/level/level">lev:Response</con:element></con:representation><con:request name="Request 1" id="368cb832-b7d6-469c-a7dc-3d880dab3c2f" mediaType="application/json"><con:settings/><con:endpoint>http://rest-api.upskills.in</con:endpoint><con:request/><con:credentials><con:authType>No Authorization</con:authType></con:credentials><con:jmsConfig JMSDeliveryMode="PERSISTENT"/><con:jmsPropertyConfig/><con:parameters>
  <con:entry key="parent" value="parent"/>
  <con:entry key="level" value="level"/>
</con:parameters><con:parameterOrder><con:entry>parent</con:entry><con:entry>level</con:entry></con:parameterOrder></con:request></con:method></con:resource></con:interface><con:interface xsi:type="con:RestService" id="dd8f73c5-1c46-4277-98ad-d5022737b0d0" wadlVersion="http://wadl.dev.java.net/2009/02" name="http://rest-api.upskills.in" type="rest" xmlns:xsi="http://www.w3.org/2001/XMLSchema-instance"><con:settings/><con:definitionCache type="TEXT" rootPart=""/><con:endpoints><con:endpoint>http://rest-api.upskills.in</con:endpoint></con:endpoints><con:resource name="Index.php" path="/index.php" id="fc3b8368-4daf-4edf-9f72-077a2a361946"><con:settings/><con:parameters><con:parameter><con:name>route</con:name><con:value>rest/account/password</con:value><con:style>QUERY</con:style><con:default>rest/account/password</con:default><con:path xsi:nil="true"/><con:description xsi:nil="true"/></con:parameter></con:parameters><con:method name="Index.php 1" id="d2d84b94-64d5-49e3-b840-d4c563fcbff7" method="PUT"><con:settings/><con:parameters/><con:representation type="FAULT"><con:mediaType>application/json; charset=utf-8</con:mediaType><con:status>403</con:status><con:params/><con:element xmlns:ind="http://rest-api.upskills.in/index.php">ind:Fault</con:element></con:representation><con:representation type="REQUEST"><con:mediaType>application/json</con:mediaType><con:params/></con:representation><con:request name="Request 1" id="5abf2f29-10bc-4254-8798-2f8d94faa999" mediaType="application/json" postQueryString="false"><con:settings/><con:endpoint>http://rest-api.upskills.in</con:endpoint><con:request/><con:credentials><con:authType>No Authorization</con:authType></con:credentials><con:jmsConfig JMSDeliveryMode="PERSISTENT"/><con:jmsPropertyConfig/><con:parameters><entry key="route" value="rest/account/password" xmlns="http://eviware.com/soapui/config"/></con:parameters><con:parameterOrder><con:entry>route</con:entry></con:parameterOrder></con:request></con:method></con:resource></con:interface><con:testSuite id="df99cc2d-59f9-41ac-835e-bf1217bd0806" name="TestSuite 1"><con:settings/><con:runType>SEQUENTIAL</con:runType><con:testCase id="ddb9bff8-75f6-4250-9a00-36061471052b" failOnError="true" failTestCaseOnErrors="true" keepSession="false" maxResults="0" name="CTC_001" searchProperties="true"><con:settings/><con:testStep type="restrequest" name="ClientCredential" id="8af1d03e-58ba-43e6-b5ee-465cce2e8048"><con:settings/><con:config service="http://rest-api.upskills.in" resourcePath="/api/rest_admin/oauth2/token/client_credentials" methodName="Client_credentials 1" xsi:type="con:RestRequestStep" xmlns:xsi="http://www.w3.org/2001/XMLSchema-instance"><con:restRequest name="ClientCredential" id="8d1c62ce-b738-47be-865a-3af3f8217277" mediaType="application/json" postQueryString="false"><con:settings><con:setting id="com.eviware.soapui.impl.wsdl.WsdlRequest@request-headers">&lt;entry key="Authorization" value="Basic dXBza2lsbHNfcmVzdF9hZG1pbl9vYXV0aF9jbGllbnQ6dXBza2lsbHNfcmVzdF9hZG1pbl9vYXV0aF9zZWNyZXQ=" xmlns="http://eviware.com/soapui/config"/></con:setting></con:settings><con:endpoint>http://rest-api.upskills.in</con:endpoint><con:request/><con:originalUri>http://rest-api.upskills.in/api/rest_admin/oauth2/token/client_credentials</con:originalUri><con:assertion type="Valid HTTP Status Codes" id="f70a2e30-bfe6-46ab-a367-3a656b9242d9" name="Valid HTTP Status Codes"><con:configuration><codes>200</codes></con:configuration></con:assertion><con:assertion type="JsonPath Match" id="486000f3-3a0a-4c58-9b49-7810c8d118f4" name="JsonPath Match"><con:configuration><path>data.token_type</path><content>Bearer</content><allowWildcards>false</allowWildcards><ignoreNamspaceDifferences>false</ignoreNamspaceDifferences><ignoreComments>false</ignoreComments></con:configuration></con:assertion><con:credentials><con:authType>No Authorization</con:authType></con:credentials><con:jmsConfig JMSDeliveryMode="PERSISTENT"/><con:jmsPropertyConfig/><con:parameters/><con:parameterOrder/></con:restRequest></con:config></con:testStep><con:properties/></con:testCase><con:testCase id="07ca3ca4-612d-4e4d-8bc0-b0df3848fcd4" failOnError="true" failTestCaseOnErrors="true" keepSession="false" maxResults="0" name="getCustomerByIdExcel" searchProperties="true"><con:settings/><con:testStep type="groovy" name="getCustomerById_Excel" id="ce0d8a17-109e-48ed-93f7-3ded1c450fdc"><con:settings/><con:config><script>import java.io.* 
import jxl.* 
import jxl.write.* 
import java.text.SimpleDateFormat
import groovy.json.JsonSlurper
import groovy.json.JsonOutput
//GET 
log.info("=======================test started for get customer by Id from Excel=======================") 
//fetch access token from client credntials step
//parse response
def valresponse = testRunner.testCase.testSuite.testCases["CTC_001"].testSteps["ClientCredential"].getPropertyValue("Response")
def parseToken = new JsonSlurper().parseText(valresponse)

//get access token
def parseTokenValue = parseToken.data.access_token

//Convert to String
def accessToken = parseTokenValue
//def accessToken = "fd070480d3974a25dcbc8a6dc9134237cd186059";
log.info accessToken
def stringBearerToken = "Bearer "+accessToken
//Set the property value in the Test suite
testRunner.testCase.testSuite.project.testSuites["TestSuite 1"].setPropertyValue("Token", stringBearerToken)

//def file=new File("C:\\Users\\sunilna\\Desktop\\Framework\\sampleGetCustomerByIdData.xls"); //97-2013 workbook xls 
def file=new File("C:\\Users\\GayatriKerakalamatti\\Documents\\SDET training\\Rest Project\\Test.xls"); //97-2013 workbook xls 
def workBook= Workbook.getWorkbook(file) 
def workSheet=workBook.getSheet(0) 
rows=workSheet.getRows()	//max row number
log.info "Total row number - "+rows   

for(def i=1;i&lt;rows;i++) 
{     
	Cell c=workSheet.getCell(0,i)     
	log.info("customer Id " + c.getContents()); 

	if(c.getContents()=="3"){
		Cell b=workSheet.getCell(1,i)
		def customerUserName=b.getContents();
		log.info(customerUserName);
		//Set the property value in the Test suite
		testRunner.testCase.testSuite.project.testSuites["TestSuite 1"].setPropertyValue("CustUname", customerUserName)		
		Cell d=workSheet.getCell(2,i)
		def customerPassword=d.getContents();
		log.info(customerPassword);
		//Set the property value in the Test suite
		testRunner.testCase.testSuite.project.testSuites["TestSuite 1"].setPropertyValue("CustPWD", customerPassword)		
	}
	def get = new URL("http://rest-api.upskills.in/api/rest_admin/customers/"+c.getContents()).openConnection();
	get.setRequestProperty("Authorization", "Bearer "+ accessToken) 
	def getRC = get.getResponseCode();     
	log.info("res code is - "+getRC);     
	if(getRC.equals(200)) {   
		log.info(get.getInputStream().getText());     
	} else {
		log.info("Something went wrong");
	}
	
}  
</script></con:config></con:testStep><con:properties/></con:testCase><con:testCase id="063d9969-18e3-4d83-8acf-3cd105487b2b" failOnError="true" failTestCaseOnErrors="true" keepSession="false" maxResults="0" name="getCustomerByIdMySql" searchProperties="true"><con:settings/><con:testStep type="groovy" name="getCustomerById_Mysql" id="10db85c5-bf54-481a-8956-760f77a57f41"><con:settings/><con:config><script>// Import the Groovy class required to work with SQL databases.
import groovy.sql.Sql
import groovy.json.JsonSlurper
import groovy.json.JsonOutput
//GET 
log.info("=======================test started for get customer by Id from MySql=======================")

//fetch access token from client credntials step
//parse response
def valresponse = testRunner.testCase.testSuite.testCases["CTC_001"].testSteps["ClientCredential"].getPropertyValue("Response")
def parseToken = new JsonSlurper().parseText(valresponse)

//get access token
def parseTokenValue = parseToken.data.access_token

//Convert to String
def accessToken = parseTokenValue
def stringBearerToken = "Bearer "+accessToken

//Set the property value in the Test suite
testRunner.testCase.testSuite.project.testSuites["TestSuite 1"].setPropertyValue("Token", stringBearerToken)
//def accessToken = "9bff234fd4b9eb53e524c6e6aef7108f52e10018";

// Set up database connection properties.
def url = 'jdbc:mysql://localhost:3306/soapui' /* IMPORTANT: must start with jdbc:mysql:// */
def user = 'root'
def password = ''
def driver = 'com.mysql.jdbc.Driver'

// Register the MySQL JDBC driver – required for Groovy to send requests to the database.
com.eviware.soapui.support.GroovyUtils.registerJdbcDriver( driver )

// Connect to the SQL instance.
def sql = Sql.newInstance(url, user, password, driver)

sql.eachRow("select * from customer") {
         row -> 
		def customerId = "$row.id";
         	log.info(customerId);
		if(customerId=="3"){
		def customerUserName="$row.username";
		log.info(customerUserName);
		//Set the property value in the Test suite
		testRunner.testCase.testSuite.project.testSuites["TestSuite 1"].setPropertyValue("CustUname", customerUserName)		
		def customerPassword="$row.password";
		log.info(customerPassword);
		//Set the property value in the Test suite
		testRunner.testCase.testSuite.project.testSuites["TestSuite 1"].setPropertyValue("CustPWD", customerPassword)		
		}
        	def get = new URL("http://rest-api.upskills.in/api/rest_admin/customers/"+customerId).openConnection();
		get.setRequestProperty("Authorization", "Bearer "+ accessToken) 
		def getRC = get.getResponseCode();     
		log.info("res code is - "+getRC);     
		if(getRC.equals(200)) {   
			log.info(get.getInputStream().getText());     
		} else {
			log.info("Something went wrong");
		}
      }  

// Close the SQL instance.
sql.close()</script></con:config></con:testStep><con:properties/></con:testCase><con:testCase id="7b405201-0be6-4d0d-8a5d-aa732e73cf8d" failOnError="true" failTestCaseOnErrors="true" keepSession="false" maxResults="0" name="LoginCustomer" searchProperties="true"><con:settings/><con:testStep type="restrequest" name="Login" id="749f5658-bd41-42a4-8f9c-e2002ac60fac"><con:settings/><con:config service="http://rest-api.upskills.in" resourcePath="/api/rest_admin/login" methodName="Login 1" xsi:type="con:RestRequestStep" xmlns:xsi="http://www.w3.org/2001/XMLSchema-instance"><con:restRequest name="Login" id="b9fb35da-05fb-4138-94e3-534be3efc83a" mediaType="application/json" postQueryString="false"><con:settings><con:setting id="com.eviware.soapui.impl.wsdl.WsdlRequest@request-headers">&lt;entry key="Authorization" value="${#TestSuite#Token}" xmlns="http://eviware.com/soapui/config"/></con:setting></con:settings><con:endpoint>http://rest-api.upskills.in</con:endpoint><con:request>{
  "username": "${#TestSuite#CustUname}",
  "password": "${#TestSuite#CustPWD}"
}</con:request><con:originalUri>http://rest-api.upskills.in/api/rest_admin/login</con:originalUri><con:assertion type="Valid HTTP Status Codes" id="74a1506b-19a8-4851-9d3e-2a1a81010780" name="Valid HTTP Status Codes"><con:configuration><codes>200</codes></con:configuration></con:assertion><con:credentials><con:authType>No Authorization</con:authType></con:credentials><con:jmsConfig JMSDeliveryMode="PERSISTENT"/><con:jmsPropertyConfig/><con:parameters/></con:restRequest></con:config></con:testStep><con:properties/></con:testCase><con:testCase id="322a5f9d-99aa-4db0-a77d-0c44b249b328" failOnError="true" failTestCaseOnErrors="true" keepSession="false" maxResults="0" name="CTC_002" searchProperties="true"><con:settings/><con:testStep type="restrequest" name="Old Token" id="7a8682a1-7b1c-4e84-bd31-a02ceaa3a13d"><con:settings/><con:config service="http://rest-api.upskills.in" resourcePath="/api/rest_admin/oauth2/token/client_credentials" methodName="Client_credentials 1" xsi:type="con:RestRequestStep" xmlns:xsi="http://www.w3.org/2001/XMLSchema-instance"><con:restRequest name="Old Token" id="8d1c62ce-b738-47be-865a-3af3f8217277" mediaType="application/json" postQueryString="false"><con:settings><con:setting id="com.eviware.soapui.impl.wsdl.WsdlRequest@request-headers">&lt;entry key="Authorization" value="Basic dXBza2lsbHNfcmVzdF9hZG1pbl9vYXV0aF9jbGllbnQ6dXBza2lsbHNfcmVzdF9hZG1pbl9vYXV0aF9zZWNyZXQ=" xmlns="http://eviware.com/soapui/config"/></con:setting></con:settings><con:endpoint>http://rest-api.upskills.in</con:endpoint><con:request>"old_token": "45044ddca1dda5f9069a539e9563b6411f7855ee"</con:request><con:originalUri>http://rest-api.upskills.in/api/rest_admin/oauth2/token/client_credentials</con:originalUri><con:assertion type="JsonPath Match" id="74db4dff-ac83-4a1a-bafd-7493e3389973" name="JsonPath Match"><con:configuration><path>data.token_type</path><content>Bearer</content><allowWildcards>false</allowWildcards><ignoreNamspaceDifferences>false</ignoreNamspaceDifferences><ignoreComments>false</ignoreComments></con:configuration></con:assertion><con:assertion type="Valid HTTP Status Codes" id="7c74147d-4a7e-4b76-9fbf-2a0d021b55a2" name="Valid HTTP Status Codes"><con:configuration><codes>200</codes></con:configuration></con:assertion><con:credentials><con:authType>No Authorization</con:authType></con:credentials><con:jmsConfig JMSDeliveryMode="PERSISTENT"/><con:jmsPropertyConfig/><con:parameters/><con:parameterOrder/></con:restRequest></con:config></con:testStep><con:properties/></con:testCase><con:testCase id="6f739e3f-ccad-4274-a368-e8eb8341197c" failOnError="true" failTestCaseOnErrors="true" keepSession="false" maxResults="0" name="CTC_003" searchProperties="true"><con:settings/><con:testStep type="groovy" name="CustomerRegistration" id="71d37d41-788c-497a-bdd9-7f367cfc1fc1"><con:settings/><con:config><script>import java.io.* 
import jxl.* 
import jxl.write.* 
import java.text.SimpleDateFormat

//GET 
log.info("=======================get data=======================") 
def file=new File("C:\\Users\\GayatriKerakalamatti\\Documents\\SDET training\\Rest Project\\Create.xls");
def workBook= Workbook.getWorkbook(file) 
def workSheet=workBook.getSheet(0) 
rows=workSheet.getRows()
log.info "Total row number - "+rows       
	     Cell c=workSheet.getCell(0,1)    
	     Cell c1=workSheet.getCell(1,1)
	 	Cell c2=workSheet.getCell(2,1)
	 	Cell c3=workSheet.getCell(3,1)
	 	Cell c4=workSheet.getCell(4,1)
	 	Cell c5=workSheet.getCell(5,1)
	 	Cell c6=workSheet.getCell(6,1)
	 	Cell c7=workSheet.getCell(7,1)
	 	testRunner.testCase.setPropertyValue("Firstname", c.getContents())
	 	testRunner.testCase.setPropertyValue("Lastname", c1.getContents())
	 	testRunner.testCase.setPropertyValue("Email", c2.getContents())
	 	testRunner.testCase.setPropertyValue("Password", c3.getContents())
	 	testRunner.testCase.setPropertyValue("Confirm", c4.getContents())
	 	testRunner.testCase.setPropertyValue("telephone", c5.getContents())
	 	testRunner.testCase.setPropertyValue("customer_group_id", c6.getContents())
	 	testRunner.testCase.setPropertyValue("agree", c7.getContents())

	  
</script></con:config></con:testStep><con:testStep type="restrequest" name="CustReg" id="c1905645-5e95-408a-b576-ce7806851ae6"><con:settings/><con:config service="http://rest-api.upskills.in" resourcePath="/api/rest/register" methodName="Register 1" xsi:type="con:RestRequestStep" xmlns:xsi="http://www.w3.org/2001/XMLSchema-instance"><con:restRequest name="CustReg" id="72438a52-0ff3-454c-85e8-2d143e0181cf" mediaType="application/json" postQueryString="false"><con:settings><con:setting id="com.eviware.soapui.impl.wsdl.WsdlRequest@request-headers">&lt;entry key="Authorization" value="${#TestSuite#Token}" xmlns="http://eviware.com/soapui/config"/></con:setting></con:settings><con:endpoint>http://rest-api.upskills.in</con:endpoint><con:request>{
  "firstname": "${#TestCase#Firstname}",
  "lastname": "${#TestCase#Lastname}",
  "email": "${#TestCase#Email}",
  "password": "${#TestCase#Password}",
  "confirm": "${#TestCase#Confirm}",
  "telephone": "${#TestCase#telephone}",
  "customer_group_id": "${#TestCase#customer_group_id}",
  "agree": "${#TestCase#agree}",
  "custom_field": {
    "account": {
      "1": "+364545454"
    }
  }
}</con:request><con:originalUri>http://rest-api.upskills.in/api/rest/register</con:originalUri><con:assertion type="Valid HTTP Status Codes" id="f0ac6ef3-2c0a-4734-9f03-df338f0d2fcc" name="Valid HTTP Status Codes"><con:configuration><codes>200</codes></con:configuration></con:assertion><con:credentials><con:authType>No Authorization</con:authType></con:credentials><con:jmsConfig JMSDeliveryMode="PERSISTENT"/><con:jmsPropertyConfig/><con:parameters/></con:restRequest></con:config></con:testStep><con:testStep type="restrequest" name="Login" id="7f5bcf9b-c76a-43b0-9376-8a9dc3aaa238"><con:settings/><con:config service="http://rest-api.upskills.in" resourcePath="/api/rest_admin/login" methodName="Login 1" xsi:type="con:RestRequestStep" xmlns:xsi="http://www.w3.org/2001/XMLSchema-instance"><con:restRequest name="Login" id="b9fb35da-05fb-4138-94e3-534be3efc83a" mediaType="application/json" postQueryString="false"><con:settings><con:setting id="com.eviware.soapui.impl.wsdl.WsdlRequest@request-headers">&lt;entry key="Authorization" value="${#TestSuite#Token}" xmlns="http://eviware.com/soapui/config"/></con:setting></con:settings><con:endpoint>http://rest-api.upskills.in</con:endpoint><con:request>{
  "username": "${#TestSuite#CustUname}",
  "password": "${#TestSuite#CustPWD}"
}</con:request><con:originalUri>http://rest-api.upskills.in/api/rest_admin/login</con:originalUri><con:assertion type="Valid HTTP Status Codes" id="d26dbe7a-1c9f-47bf-aed9-a13511366f9a" name="Valid HTTP Status Codes"><con:configuration><codes>200</codes></con:configuration></con:assertion><con:credentials><con:authType>No Authorization</con:authType></con:credentials><con:jmsConfig JMSDeliveryMode="PERSISTENT"/><con:jmsPropertyConfig/><con:parameters/></con:restRequest></con:config></con:testStep><con:testStep type="restrequest" name="Accounts" id="b2a881fa-c183-46f7-9847-74173cc8346e"><con:settings/><con:config service="http://rest-api.upskills.in" resourcePath="/api/rest/account" methodName="Account 1" xsi:type="con:RestRequestStep" xmlns:xsi="http://www.w3.org/2001/XMLSchema-instance"><con:restRequest name="Accounts" id="c9673aa4-b1ee-43a1-9ed4-fb70b1f2cc7e" mediaType="application/json"><con:settings><con:setting id="com.eviware.soapui.impl.wsdl.WsdlRequest@request-headers">&lt;entry key="Authorization" value="${#TestSuite#Token}" xmlns="http://eviware.com/soapui/config"/></con:setting></con:settings><con:endpoint>http://rest-api.upskills.in</con:endpoint><con:request/><con:originalUri>http://rest-api.upskills.in/api/rest/account</con:originalUri><con:assertion type="Valid HTTP Status Codes" id="e78d1d82-85a3-4a31-bf3a-4a42a140c5c0" name="Valid HTTP Status Codes"><con:configuration><codes>200</codes></con:configuration></con:assertion><con:credentials><con:authType>No Authorization</con:authType></con:credentials><con:jmsConfig JMSDeliveryMode="PERSISTENT"/><con:jmsPropertyConfig/><con:parameters/></con:restRequest></con:config></con:testStep><con:testStep type="restrequest" name="Logout" id="54575e94-c1ac-444d-ba99-6094a34fd4d0"><con:settings/><con:config service="http://rest-api.upskills.in" resourcePath="/api/rest/logout" methodName="Logout 1" xsi:type="con:RestRequestStep" xmlns:xsi="http://www.w3.org/2001/XMLSchema-instance"><con:restRequest name="Logout" id="fa5c64ca-e38c-435b-bf12-3b803fa29dce" mediaType="application/json" postQueryString="false"><con:settings><con:setting id="com.eviware.soapui.impl.wsdl.WsdlRequest@request-headers">&lt;entry key="Authorization" value="${#TestSuite#Token}" xmlns="http://eviware.com/soapui/config"/></con:setting></con:settings><con:endpoint>http://rest-api.upskills.in</con:endpoint><con:request/><con:originalUri>http://rest-api.upskills.in/api/rest/logout</con:originalUri><con:assertion type="Valid HTTP Status Codes" id="cfe7cddc-5c82-40f9-b4a7-af73e3868ce1" name="Valid HTTP Status Codes"><con:configuration><codes>200</codes></con:configuration></con:assertion><con:credentials><con:authType>No Authorization</con:authType></con:credentials><con:jmsConfig JMSDeliveryMode="PERSISTENT"/><con:jmsPropertyConfig/><con:parameters/></con:restRequest></con:config></con:testStep><con:properties><con:property><con:name>Firstname</con:name><con:value>Demo</con:value></con:property><con:property><con:name>Lastname</con:name><con:value>User10</con:value></con:property><con:property><con:name>Email</con:name><con:value>demouser63@upskills.in</con:value></con:property><con:property><con:name>Password</con:name><con:value>password</con:value></con:property><con:property><con:name>Confirm</con:name><con:value>password</con:value></con:property><con:property><con:name>telephone</con:name><con:value>1-541-754-3010</con:value></con:property><con:property><con:name>customer_group_id</con:name><con:value>1</con:value></con:property><con:property><con:name>agree</con:name><con:value>1</con:value></con:property></con:properties></con:testCase><con:testCase id="7116385e-46d8-4c10-937e-0afbb667af9d" failOnError="true" failTestCaseOnErrors="true" keepSession="false" maxResults="0" name="CTC_004" searchProperties="true"><con:settings/><con:testStep type="restrequest" name="Login" id="7456b557-8640-4748-b3f2-3c868f5d06ec"><con:settings/><con:config service="http://rest-api.upskills.in" resourcePath="/api/rest_admin/login" methodName="Login 1" xsi:type="con:RestRequestStep" xmlns:xsi="http://www.w3.org/2001/XMLSchema-instance"><con:restRequest name="Login" id="b9fb35da-05fb-4138-94e3-534be3efc83a" mediaType="application/json" postQueryString="false"><con:settings><con:setting id="com.eviware.soapui.impl.wsdl.WsdlRequest@request-headers">&lt;entry key="Authorization" value="${#TestSuite#Token}" xmlns="http://eviware.com/soapui/config"/></con:setting></con:settings><con:endpoint>http://rest-api.upskills.in</con:endpoint><con:request>{
  "username": "${#TestSuite#CustUname}",
  "password": "${#TestSuite#CustPWD}"
}
</con:request><con:originalUri>http://rest-api.upskills.in/api/rest_admin/login</con:originalUri><con:assertion type="Valid HTTP Status Codes" id="370349ab-42eb-4a65-beca-d5d7e39c1b0a" name="Valid HTTP Status Codes"><con:configuration><codes>200</codes></con:configuration></con:assertion><con:credentials><con:authType>No Authorization</con:authType></con:credentials><con:jmsConfig JMSDeliveryMode="PERSISTENT"/><con:jmsPropertyConfig/><con:parameters/></con:restRequest></con:config></con:testStep><con:testStep type="restrequest" name="GetCustomerDetails" id="77a5ac8f-8ab4-46d4-b7ae-211db1d179d0"><con:settings/><con:config service="http://rest-api.upskills.in" resourcePath="/api/rest/account" methodName="Account 1" xsi:type="con:RestRequestStep" xmlns:xsi="http://www.w3.org/2001/XMLSchema-instance"><con:restRequest name="GetCustomerDetails" id="c9673aa4-b1ee-43a1-9ed4-fb70b1f2cc7e" mediaType="application/json"><con:settings><con:setting id="com.eviware.soapui.impl.wsdl.WsdlRequest@request-headers">&lt;entry key="Authorization" value="${#TestSuite#Token}" xmlns="http://eviware.com/soapui/config"/></con:setting></con:settings><con:endpoint>http://rest-api.upskills.in</con:endpoint><con:request/><con:originalUri>http://rest-api.upskills.in/api/rest/account</con:originalUri><con:assertion type="Valid HTTP Status Codes" id="e69f7d7c-8b48-4bc6-bcb2-ec467ea2b8e0" name="Valid HTTP Status Codes"><con:configuration><codes>200</codes></con:configuration></con:assertion><con:credentials><con:authType>No Authorization</con:authType></con:credentials><con:jmsConfig JMSDeliveryMode="PERSISTENT"/><con:jmsPropertyConfig/><con:parameters/></con:restRequest></con:config></con:testStep><con:testStep type="groovy" name="Groovy Script" id="df7bed3e-de8f-4949-829f-442843438324"><con:settings/><con:config><script>import java.io.* 
import jxl.* 
import jxl.write.* 
import java.text.SimpleDateFormat


def file=new File("C:\\Users\\GayatriKerakalamatti\\Documents\\SDET training\\Rest Project\\Update.xls");
def workBook= Workbook.getWorkbook(file) 
def workSheet=workBook.getSheet(0) 
rows=workSheet.getRows()	//max row number
log.info "Total row number - "+rows 

  def propSet = testRunner.testCase.getTestStepByName("Properties")


	     Cell c=workSheet.getCell(0,1)
	     log.info("Customer Firstname "+c.getContents());     
	     Cell c1=workSheet.getCell(1,1)
	 	log.info("Customer Lastname" +c1.getContents());
	 	Cell c2=workSheet.getCell(2,1)
	 
	 	
	 	propSet.setPropertyValue("Firstname", c.getContents())
	 	propSet.setPropertyValue("Lastname", c1.getContents())
	 	propSet.setPropertyValue("Email", c2.getContents())</script></con:config></con:testStep><con:testStep type="restrequest" name="UpdateDetails" id="d2c63876-8526-46b4-a6eb-4ada4f19a7cd"><con:settings/><con:config service="http://rest-api.upskills.in" resourcePath="/index.php" methodName="Index.php 1" xsi:type="con:RestRequestStep" xmlns:xsi="http://www.w3.org/2001/XMLSchema-instance"><con:restRequest name="UpdateDetails" id="5abf2f29-10bc-4254-8798-2f8d94faa999" mediaType="application/json" postQueryString="false"><con:settings><con:setting id="com.eviware.soapui.impl.wsdl.WsdlRequest@request-headers">&lt;entry key="Authorization" value="${#TestSuite#Token}" xmlns="http://eviware.com/soapui/config"/></con:setting></con:settings><con:endpoint>http://rest-api.upskills.in</con:endpoint><con:request>{
  "firstname": "${Properties#Firstname}",
  "lastname": "${Properties#Lastname}",
  "email": "${Properties#Email}",
  "telephone": "1-541-754-3110",
  "custom_field": {
    "account": {
      "1": "+364545454"
    }
  }
}</con:request><con:originalUri>http://rest-api.upskills.in/index.php</con:originalUri><con:assertion type="Valid HTTP Status Codes" id="cb276031-6b47-4802-9eb0-9335ea06397e" name="Valid HTTP Status Codes"><con:configuration><codes>200</codes></con:configuration></con:assertion><con:credentials><con:authType>No Authorization</con:authType></con:credentials><con:jmsConfig JMSDeliveryMode="PERSISTENT"/><con:jmsPropertyConfig/><con:parameters><entry key="route" value="rest/account/password" xmlns="http://eviware.com/soapui/config"/></con:parameters><con:parameterOrder><con:entry>route</con:entry></con:parameterOrder></con:restRequest></con:config></con:testStep><con:testStep type="restrequest" name="GetUpdatedCustomer" id="8c1874e7-12ea-40b9-b467-71ffccb06dd4"><con:settings/><con:config service="http://rest-api.upskills.in" resourcePath="/api/rest/account" methodName="Account 1" xsi:type="con:RestRequestStep" xmlns:xsi="http://www.w3.org/2001/XMLSchema-instance"><con:restRequest name="GetUpdatedCustomer" id="c9673aa4-b1ee-43a1-9ed4-fb70b1f2cc7e" mediaType="application/json"><con:settings><con:setting id="com.eviware.soapui.impl.wsdl.WsdlRequest@request-headers">&lt;entry key="Authorization" value="${#TestSuite#Token}" xmlns="http://eviware.com/soapui/config"/></con:setting></con:settings><con:endpoint>http://rest-api.upskills.in</con:endpoint><con:request/><con:originalUri>http://rest-api.upskills.in/api/rest/account</con:originalUri><con:assertion type="Valid HTTP Status Codes" id="8cf43354-f60b-4fc1-8623-cfd703ef6d0f" name="Valid HTTP Status Codes"><con:configuration><codes>200</codes></con:configuration></con:assertion><con:credentials><con:authType>No Authorization</con:authType></con:credentials><con:jmsConfig JMSDeliveryMode="PERSISTENT"/><con:jmsPropertyConfig/><con:parameters/></con:restRequest></con:config></con:testStep><con:testStep type="properties" name="Properties" id="200b0fdf-37b0-4c55-908a-bb23b86bdd17"><con:settings/><con:config xsi:type="con:PropertiesStep" saveFirst="true" xmlns:xsi="http://www.w3.org/2001/XMLSchema-instance"><con:properties><con:property><con:name>Firstname</con:name><con:value>Gayatri</con:value></con:property><con:property><con:name>Lastname</con:name><con:value>K</con:value></con:property><con:property><con:name>Email</con:name><con:value>test@test1.com</con:value></con:property></con:properties></con:config></con:testStep><con:properties/></con:testCase><con:testCase id="b58203fb-f5f1-42d9-bbd9-b4452094ff10" failOnError="true" failTestCaseOnErrors="true" keepSession="false" maxResults="0" name="CTC_005" searchProperties="true"><con:settings/><con:testStep type="restrequest" name="Login" id="a3eff8ce-02ba-4129-9e86-ccc42c9757fe"><con:settings/><con:config service="http://rest-api.upskills.in" resourcePath="/api/rest_admin/login" methodName="Login 1" xsi:type="con:RestRequestStep" xmlns:xsi="http://www.w3.org/2001/XMLSchema-instance"><con:restRequest name="Login" id="b9fb35da-05fb-4138-94e3-534be3efc83a" mediaType="application/json" postQueryString="false"><con:settings><con:setting id="com.eviware.soapui.impl.wsdl.WsdlRequest@request-headers">&lt;entry key="Authorization" value="Bearer c553911ac0a287f9a8d1b15510345547ad946562" xmlns="http://eviware.com/soapui/config"/></con:setting></con:settings><con:endpoint>http://rest-api.upskills.in</con:endpoint><con:request>{
  "username": "${#TestSuite#CustUname}",
  "password": "${#TestSuite#CustPWD}"
}</con:request><con:originalUri>http://rest-api.upskills.in/api/rest_admin/login</con:originalUri><con:assertion type="Valid HTTP Status Codes" id="a079eb1b-43c2-4326-a81e-fe318302104b" name="Valid HTTP Status Codes"><con:configuration><codes>200</codes></con:configuration></con:assertion><con:credentials><con:authType>No Authorization</con:authType></con:credentials><con:jmsConfig JMSDeliveryMode="PERSISTENT"/><con:jmsPropertyConfig/><con:parameters/></con:restRequest></con:config></con:testStep><con:testStep type="groovy" name="UpdatePassword" id="8eb0f391-dc59-418b-86df-01e094226987"><con:settings/><con:config><script>testRunner.testCase.testSuite.project.testSuites["TestSuite 1"].setPropertyValue("CustPWD", "test2")	</script></con:config></con:testStep><con:testStep type="restrequest" name="UpdatePWD" id="f958de57-e390-4c05-ad9b-9ebb6938a006"><con:settings/><con:config service="http://rest-api.upskills.in" resourcePath="/index.php" methodName="Index.php 1" xsi:type="con:RestRequestStep" xmlns:xsi="http://www.w3.org/2001/XMLSchema-instance"><con:restRequest name="UpdatePWD" id="5abf2f29-10bc-4254-8798-2f8d94faa999" mediaType="application/json" postQueryString="false"><con:settings><con:setting id="com.eviware.soapui.impl.wsdl.WsdlRequest@request-headers">&lt;entry key="Authorization" value="${#TestSuite#Token}" xmlns="http://eviware.com/soapui/config"/></con:setting></con:settings><con:endpoint>http://rest-api.upskills.in</con:endpoint><con:request>{
  "password": "${#TestSuite#CustPWD}",
  "confirm": "${#TestSuite#CustPWD}"
}</con:request><con:credentials><con:authType>No Authorization</con:authType></con:credentials><con:jmsConfig JMSDeliveryMode="PERSISTENT"/><con:jmsPropertyConfig/><con:parameters><entry key="route" value="rest/account/password" xmlns="http://eviware.com/soapui/config"/></con:parameters><con:parameterOrder><con:entry>route</con:entry></con:parameterOrder></con:restRequest></con:config></con:testStep><con:testStep type="restrequest" name="Logout" id="b03e9c1d-e6b2-4f1f-91c1-7906b824af2a"><con:settings/><con:config service="http://rest-api.upskills.in" resourcePath="/api/rest/logout" methodName="Logout 1" xsi:type="con:RestRequestStep" xmlns:xsi="http://www.w3.org/2001/XMLSchema-instance"><con:restRequest name="Logout" id="fa5c64ca-e38c-435b-bf12-3b803fa29dce" mediaType="application/json" postQueryString="false"><con:settings><con:setting id="com.eviware.soapui.impl.wsdl.WsdlRequest@request-headers">&lt;entry key="Authorization" value=" ${#TestSuite#Token}" xmlns="http://eviware.com/soapui/config"/></con:setting></con:settings><con:endpoint>http://rest-api.upskills.in</con:endpoint><con:request/><con:originalUri>http://rest-api.upskills.in/api/rest/logout</con:originalUri><con:assertion type="Valid HTTP Status Codes" id="82409a93-9c3d-4c04-a867-ee3ed171da42" name="Valid HTTP Status Codes"><con:configuration><codes>200</codes></con:configuration></con:assertion><con:credentials><con:authType>No Authorization</con:authType></con:credentials><con:jmsConfig JMSDeliveryMode="PERSISTENT"/><con:jmsPropertyConfig/><con:parameters/></con:restRequest></con:config></con:testStep><con:testStep type="restrequest" name="LoginAgain" id="442f9937-d732-4724-8aee-729687774ea4"><con:settings/><con:config service="http://rest-api.upskills.in" resourcePath="/api/rest_admin/login" methodName="Login 1" xsi:type="con:RestRequestStep" xmlns:xsi="http://www.w3.org/2001/XMLSchema-instance"><con:restRequest name="LoginAgain" id="b9fb35da-05fb-4138-94e3-534be3efc83a" mediaType="application/json" postQueryString="false"><con:settings><con:setting id="com.eviware.soapui.impl.wsdl.WsdlRequest@request-headers">&lt;entry key="Authorization" value="Bearer c553911ac0a287f9a8d1b15510345547ad946562" xmlns="http://eviware.com/soapui/config"/></con:setting></con:settings><con:endpoint>http://rest-api.upskills.in</con:endpoint><con:request>{
  "password": ${#TestSuite#CustUname}",
  "confirm": ${#TestSuite#CustPWD}"
}</con:request><con:originalUri>http://rest-api.upskills.in/api/rest_admin/login</con:originalUri><con:assertion type="Valid HTTP Status Codes" id="929f576a-3d3e-4990-9853-d23182a914a0" name="Valid HTTP Status Codes"><con:configuration><codes>200</codes></con:configuration></con:assertion><con:credentials><con:authType>No Authorization</con:authType></con:credentials><con:jmsConfig JMSDeliveryMode="PERSISTENT"/><con:jmsPropertyConfig/><con:parameters/></con:restRequest></con:config></con:testStep><con:properties/></con:testCase><con:testCase id="37e8af3b-54af-401a-8564-76c2d46ff864" failOnError="true" failTestCaseOnErrors="true" keepSession="false" maxResults="0" name="CTC_010" searchProperties="true"><con:settings/><con:testStep type="calltestcase" name="Login" id="e50d7c72-f7b4-4484-bc28-064e77119e9a"><con:settings/><con:config xsi:type="con:RunTestCaseStep" xmlns:xsi="http://www.w3.org/2001/XMLSchema-instance"><con:targetTestCase>7b405201-0be6-4d0d-8a5d-aa732e73cf8d</con:targetTestCase><con:properties/><con:returnProperties/><con:runMode>PARALLELL</con:runMode></con:config></con:testStep><con:testStep type="restrequest" name="Categories" id="412c491a-a7e7-4f14-b9fb-1b913b889286"><con:settings/><con:config service="http://rest-api.upskills.in" resourcePath="/api/rest_admin/categories" methodName="Categories 1" xsi:type="con:RestRequestStep" xmlns:xsi="http://www.w3.org/2001/XMLSchema-instance"><con:restRequest name="Categories" id="2ed55e64-8f26-4ac2-b720-45745f5ec5d0" mediaType="application/json"><con:settings><con:setting id="com.eviware.soapui.impl.wsdl.WsdlRequest@request-headers">&lt;entry key="Authorization" value="${#TestSuite#Token}" xmlns="http://eviware.com/soapui/config"/></con:setting></con:settings><con:endpoint>http://rest-api.upskills.in</con:endpoint><con:request/><con:originalUri>http://rest-api.upskills.in/api/rest_admin/categories</con:originalUri><con:assertion type="Valid HTTP Status Codes" id="c50df67f-4063-4d77-a521-c090c611c3f1" name="Valid HTTP Status Codes"><con:configuration><codes>200</codes></con:configuration></con:assertion><con:credentials><con:authType>No Authorization</con:authType></con:credentials><con:jmsConfig JMSDeliveryMode="PERSISTENT"/><con:jmsPropertyConfig/><con:parameters/></con:restRequest></con:config></con:testStep><con:testStep type="groovy" name="Groovy Script" id="daa8cac6-e60d-4359-821b-ff43f8769af5"><con:settings/><con:config><script>//2.Use groovy script to fetch all parent categories_id,name and store parent categories_id,name in arrayList or .xls file
import java.io.* 
import jxl.* 
import jxl.write.* 
import java.text.SimpleDateFormat
import groovy.json.JsonSlurper
import groovy.json.JsonOutput

def catResponse = testRunner.testCase.testSuite.testCases["CTC_010"].testSteps["Categories"].getPropertyValue("Response")
def content = new JsonSlurper().parseText(catResponse)

log.info(content.data.category_id);
log.info(content.data.name);

def product_key_list =[]
def product_id_list = []
product_key_list = content.data.category_id
product_id_list = content.data.name

log.info(product_key_list)
log.info(product_id_list)
</script></con:config></con:testStep><con:testStep type="restrequest" name="GetById" id="bddd608d-2039-44f5-af08-5ebe758e28e3"><con:settings/><con:config service="http://rest-api.upskills.in" resourcePath="/api/rest_admin/categories/parent/{parent}/level/{level}" methodName="Level 1" xsi:type="con:RestRequestStep" xmlns:xsi="http://www.w3.org/2001/XMLSchema-instance"><con:restRequest name="GetById" id="368cb832-b7d6-469c-a7dc-3d880dab3c2f" mediaType="application/json"><con:settings><con:setting id="com.eviware.soapui.impl.wsdl.WsdlRequest@request-headers">&lt;entry key="Authorization" value="${#TestSuite#Token}" xmlns="http://eviware.com/soapui/config"/></con:setting></con:settings><con:endpoint>http://rest-api.upskills.in</con:endpoint><con:request/><con:originalUri>http://rest-api.upskills.in/api/rest_admin/categories/parent/parent/level/level</con:originalUri><con:assertion type="Valid HTTP Status Codes" id="e6929840-633b-4dc1-aa24-dfed3d9d9054" name="Valid HTTP Status Codes"><con:configuration><codes>200</codes></con:configuration></con:assertion><con:credentials><con:authType>No Authorization</con:authType></con:credentials><con:jmsConfig JMSDeliveryMode="PERSISTENT"/><con:jmsPropertyConfig/><con:parameters>
  <con:entry key="parent" value="1"/>
  <con:entry key="level" value="70"/>
</con:parameters><con:parameterOrder><con:entry>parent</con:entry><con:entry>level</con:entry></con:parameterOrder></con:restRequest></con:config></con:testStep><con:testStep type="groovy" name="Groovy Script 1" id="6b394d9c-8177-45f5-a635-89c25c227992"><con:settings/><con:config><script>//4.Use groovy script to fetch all subcategories_id,name and store subcategories_id,name in arrayList or .xls file

import java.io.* 
import jxl.* 
import jxl.write.* 
import java.text.SimpleDateFormat
import groovy.json.JsonSlurper
import groovy.json.JsonOutput

def catResponse = testRunner.testCase.testSuite.testCases["CTC_010"].testSteps["GetById"].getPropertyValue("Response")
def content = new JsonSlurper().parseText(catResponse)

log.info(content.data.category_id);
log.info(content.data.name);

def product_key_list =[]
def product_id_list = []
product_key_list = content.data.category_id
product_id_list = content.data.name

log.info(product_key_list)
log.info(product_id_list)
</script></con:config></con:testStep><con:properties/></con:testCase><con:testCase id="1aac17e5-845f-47d5-adf1-1ad5e471f566" failOnError="true" failTestCaseOnErrors="true" keepSession="false" maxResults="0" name="getAllCustomers" searchProperties="true"><con:settings/><con:testStep type="groovy" name="getAllCustomers" id="fade36ff-1ecc-4d70-b987-eab68c2a14f8"><con:settings/><con:config><script>import java.io.*
import groovy.json.JsonSlurper
import groovy.json.JsonOutput
//GET REQUEST 
log.info("=======================test started for get All Customers=======================")
//fetch access token from client credntials step
//parse response
def valresponse = testRunner.testCase.testSuite.testCases["CTC_001"].testSteps["ClientCredential"].getPropertyValue("Response")
def parseToken = new JsonSlurper().parseText(valresponse)

//get access token
def parseTokenValue = parseToken.data.access_token

//Convert to String
def accessToken = parseTokenValue
//def accessToken = "91cf2a5a27d39a52698d5ebd701e105142f25778";

def url = "http://rest-api.upskills.in/api/rest_admin/customers/limit/{limit}/page/{page}"  

def get = new URL(url).openConnection();
get.setRequestProperty("Authorization", "Bearer "+ accessToken)

def getRC = get.getResponseCode();     
	log.info("res code is - "+getRC);
	def name = "John"
     assert name == "John"    
	if(getRC.equals(200)) {   
		log.info(get.getInputStream().getText());     
	} else {
		log.info("Something went wrong");
	}</script></con:config></con:testStep><con:properties/></con:testCase><con:testCase id="a8cbe176-3366-409e-b75d-43b228ebfe84" failOnError="true" failTestCaseOnErrors="true" keepSession="false" maxResults="0" name="LogoutCustomer" searchProperties="true"><con:settings/><con:testStep type="restrequest" name="logout" id="2a728d61-c09e-4b6a-a643-fefdebe0bd5d"><con:settings/><con:config service="http://rest-api.upskills.in" resourcePath="/api/rest/logout" methodName="Logout 1" xsi:type="con:RestRequestStep" xmlns:xsi="http://www.w3.org/2001/XMLSchema-instance"><con:restRequest name="logout" id="fa5c64ca-e38c-435b-bf12-3b803fa29dce" mediaType="application/json" postQueryString="false"><con:settings><con:setting id="com.eviware.soapui.impl.wsdl.WsdlRequest@request-headers">&lt;entry key="Authorization" value="${#TestSuite#Token}" xmlns="http://eviware.com/soapui/config"/></con:setting></con:settings><con:endpoint>http://rest-api.upskills.in</con:endpoint><con:request/><con:originalUri>http://rest-api.upskills.in/api/rest/logout</con:originalUri><con:assertion type="Valid HTTP Status Codes" id="d6f45379-d562-4f20-bc89-96b7cf095205" name="Valid HTTP Status Codes"><con:configuration><codes>200</codes></con:configuration></con:assertion><con:credentials><con:authType>No Authorization</con:authType></con:credentials><con:jmsConfig JMSDeliveryMode="PERSISTENT"/><con:jmsPropertyConfig/><con:parameters/></con:restRequest></con:config></con:testStep><con:properties/></con:testCase><con:properties><con:property><con:name>Token</con:name><con:value>Bearer a2100ff1b9142ae648f70b128b89c5cc88c5ac66</con:value></con:property><con:property><con:name>CustUname</con:name><con:value>upskills_admin</con:value></con:property><con:property><con:name>CustPWD</con:name><con:value>test2</con:value></con:property></con:properties></con:testSuite><con:properties/><con:wssContainer/><con:oAuth2ProfileContainer/><con:oAuth1ProfileContainer/><con:sensitiveInformation/></con:soapui-project>